id,firstname,lastname,email
1,Dulcea,Mathias,dmathias0@yelp.com
2,Helena,Enrich,henrich1@cyberchimps.com
3,Cornelia,Midford,cmidford2@berkeley.edu
4,Obed,Triggol,otriggol3@weibo.com
5,Colas,Kuhnert,ckuhnert4@cnet.com
6,Elijah,Beedom,ebeedom5@time.com
7,Keane,Aliman,kaliman6@people.com.cn
8,Carmelle,Vesco,cvesco7@yahoo.co.jp
9,Boonie,Fudger,bfudger8@themeforest.net
10,Morgan,Gylle,mgylle9@issuu.com
11,Northrop,Sweetmore,nsweetmorea@quantcast.com
12,Skipton,Tissier,stissierb@amazon.co.uk
13,Gilberta,Feathers,gfeathersc@blog.com
14,Hallie,Benneton,hbennetond@bbb.org
15,Kirstyn,Kemish,kkemishe@dion.ne.jp
16,Natassia,Gooderick,ngooderickf@angelfire.com
17,Fonsie,Giblin,fgibling@newsvine.com
18,Torrey,Le Provost,tleprovosth@marriott.com
19,Christie,Nicholl,cnicholli@parallels.com
20,Skipton,Haeslier,shaeslierj@nsw.gov.au
21,Abbey,Blacklidge,ablacklidgek@wsj.com
22,Denver,Hailston,dhailstonl@1688.com
23,Sybilla,Shawe,sshawem@ebay.co.uk
24,Angie,Sutlieff,asutlieffn@youku.com
25,Pacorro,Lehon,plehono@springer.com
26,Dennis,Tuftin,dtuftinp@si.edu
27,Vito,Mingard,vmingardq@chicagotribune.com
28,Ced,Shillitoe,cshillitoer@youku.com
29,Dorella,Morant,dmorants@google.nl
30,Osborne,Gerb,ogerbt@arizona.edu
31,Olva,Shevelin,oshevelinu@quantcast.com
32,Mandy,Monier,mmonierv@globo.com
33,Romy,Lyman,rlymanw@photobucket.com
34,Abraham,Ullyott,aullyottx@cocolog-nifty.com
35,Shayne,Wallman,swallmany@linkedin.com
36,Luca,Wallworke,lwallworkez@sina.com.cn
37,Pansy,Cosgrave,pcosgrave10@elegantthemes.com
38,Gilberta,Annand,gannand11@qq.com
39,Moises,Cottey,mcottey12@ustream.tv
40,Slade,Becker,sbecker13@hhs.gov
41,Dom,Palay,dpalay14@hugedomains.com
42,Bron,Warn,bwarn15@sogou.com
43,Abra,MacGinley,amacginley16@indiatimes.com
44,Judd,Gerriets,jgerriets17@boston.com
45,Mata,Brackenbury,mbrackenbury18@alibaba.com
46,Kit,Staining,kstaining19@home.pl
47,Enos,Kingsnode,ekingsnode1a@wufoo.com
48,Christie,Radke,cradke1b@whitehouse.gov
49,Bronny,Winterton,bwinterton1c@cnbc.com
50,Latashia,Belin,lbelin1d@dagondesign.com
51,Othelia,Assiratti,oassiratti1e@soup.io
52,Northrup,Bednell,nbednell1f@simplemachines.org
53,Shina,Wain,swain1g@exblog.jp
54,Libbey,Straughan,lstraughan1h@indiegogo.com
55,Rica,Willcock,rwillcock1i@indiegogo.com
56,Alexis,Burr,aburr1j@fda.gov
57,Elysia,Spence,espence1k@freewebs.com
58,Adiana,Kort,akort1l@myspace.com
59,Henka,Thorouggood,hthorouggood1m@adobe.com
60,Bibby,Suttaby,bsuttaby1n@senate.gov
61,Ashton,De Caroli,adecaroli1o@php.net
62,Sapphira,Pieche,spieche1p@meetup.com
63,Aylmer,Lamlin,alamlin1q@rediff.com
64,Tan,Gairdner,tgairdner1r@wordpress.org
65,Trev,Bates,tbates1s@thetimes.co.uk
66,Roxane,Nuzzi,rnuzzi1t@prnewswire.com
67,Boonie,Tabor,btabor1u@businessweek.com
68,Weider,Senescall,wsenescall1v@moonfruit.com
69,Panchito,Eastridge,peastridge1w@com.com
70,Aguste,Rosnau,arosnau1x@ezinearticles.com
71,Emelyne,Crees,ecrees1y@fastcompany.com
72,Eulalie,Rathbone,erathbone1z@networkadvertising.org
73,Jonathan,Verrier,jverrier20@zimbio.com
74,Royall,Furmonger,rfurmonger21@marriott.com
75,Yule,Saller,ysaller22@hud.gov
76,Meagan,Cavy,mcavy23@drupal.org
77,Theodora,Vogelein,tvogelein24@elpais.com
78,Sallyanne,Agius,sagius25@g.co
79,Easter,Meaden,emeaden26@businesswire.com
80,Tore,Vasyatkin,tvasyatkin27@home.pl
81,Holt,Creek,hcreek28@netlog.com
82,Aveline,De Mattei,ademattei29@sina.com.cn
83,Cobbie,Gillease,cgillease2a@geocities.jp
84,Nester,Estcourt,nestcourt2b@redcross.org
85,Franklin,Boadby,fboadby2c@bluehost.com
86,Ira,Durnford,idurnford2d@google.nl
87,Eugine,Spearing,espearing2e@goo.ne.jp
88,Michale,Bennoe,mbennoe2f@com.com
89,Sharline,Honeywood,shoneywood2g@globo.com
90,Edouard,Blackaller,eblackaller2h@tumblr.com
91,Morna,Leall,mleall2i@oaic.gov.au
92,Conroy,Genner,cgenner2j@wikipedia.org
93,Rosaline,Sidey,rsidey2k@stanford.edu
94,Franz,Benedit,fbenedit2l@1und1.de
95,Blithe,Beneze,bbeneze2m@yale.edu
96,Christy,Shrimptone,cshrimptone2n@t-online.de
97,Brice,Curado,bcurado2o@newyorker.com
98,Hillary,Longhurst,hlonghurst2p@uol.com.br
99,Brewster,Musla,bmusla2q@oaic.gov.au
100,Kermie,Lowmass,klowmass2r@patch.com
101,Loralyn,Kuhnt,lkuhnt2s@networksolutions.com
102,Eustace,Gault,egault2t@mayoclinic.com
103,Gael,Rubie,grubie2u@wikia.com
104,Carlota,MacPeice,cmacpeice2v@domainmarket.com
105,Harriot,Dumingos,hdumingos2w@tiny.cc
106,Thane,Winchurst,twinchurst2x@pagesperso-orange.fr
107,Kessia,Moyler,kmoyler2y@timesonline.co.uk
108,Pablo,Gudgen,pgudgen2z@ihg.com
109,Vlad,Gloster,vgloster30@psu.edu
110,Kennie,Kyston,kkyston31@meetup.com
111,Judon,Cockburn,jcockburn32@bloomberg.com
112,Bennett,Sails,bsails33@spotify.com
113,Arleyne,Ternault,aternault34@wufoo.com
114,Elliott,Noe,enoe35@sciencedaily.com
115,Elga,Fulk,efulk36@devhub.com
116,Fletch,Arends,farends37@thetimes.co.uk
117,Dal,Wilflinger,dwilflinger38@ow.ly
118,Keri,Malham,kmalham39@bizjournals.com
119,Stirling,Goldin,sgoldin3a@ftc.gov
120,Perri,Barnicott,pbarnicott3b@about.me
121,Kenna,Kidder,kkidder3c@fc2.com
122,Ginnifer,Southan,gsouthan3d@smugmug.com
123,Dorey,Fortun,dfortun3e@spiegel.de
124,Udell,Djorvic,udjorvic3f@webs.com
125,Babs,Trye,btrye3g@toplist.cz
126,Maude,Eicheler,meicheler3h@123-reg.co.uk
127,Marcia,Guillet,mguillet3i@elegantthemes.com
128,Madeleine,Laherty,mlaherty3j@list-manage.com
129,Hamlin,Wivell,hwivell3k@acquirethisname.com
130,Auria,Brandreth,abrandreth3l@shop-pro.jp
131,Alasteir,Havock,ahavock3m@hostgator.com
132,Antonin,Fitchett,afitchett3n@hibu.com
133,Ernaline,Chesnay,echesnay3o@squarespace.com
134,Cassie,Kleinplatz,ckleinplatz3p@oaic.gov.au
135,Dinny,Musicka,dmusicka3q@cornell.edu
136,Ali,Eymer,aeymer3r@mac.com
137,Sheffy,Huddleston,shuddleston3s@stumbleupon.com
138,Liliane,Mungan,lmungan3t@fotki.com
139,Dian,Lockey,dlockey3u@histats.com
140,Bennett,Farish,bfarish3v@webeden.co.uk
141,Valentin,Swait,vswait3w@webeden.co.uk
142,Augie,Sangster,asangster3x@narod.ru
143,Gregg,Salandino,gsalandino3y@oaic.gov.au
144,Inna,Sonnenschein,isonnenschein3z@nhs.uk
145,Krishna,Taks,ktaks40@java.com
146,Morgun,Wigglesworth,mwigglesworth41@last.fm
147,Tasia,Sugarman,tsugarman42@admin.ch
148,Trudy,Croy,tcroy43@canalblog.com
149,Leshia,Hrinchishin,lhrinchishin44@lycos.com
150,Marni,Aronin,maronin45@bing.com
